entropy,auroc,snr,lr_type,bn,activation,method,trial,path,kmer_length,index
0.106,0.9734623432159424,1.315170301149263,fixedlr,bn,exponential,adversarial,1,/fixedlr/bn/exponential/adversarial/saliency/1,6,0
0.1,0.9719297885894777,1.570054678695761,fixedlr,bn,exponential,adversarial,10,/fixedlr/bn/exponential/adversarial/saliency/10,6,1
1.543,0.9789523482322692,6.810561,fixedlr,bn,exponential,gn,0,/fixedlr/bn/exponential/gn/saliency/0,6,2
1.104,0.9789910316467284,1.7972971,fixedlr,bn,relu,manifold-gn,2,/fixedlr/bn/relu/manifold-gn/saliency/2,6,3
0.958,0.9846493601799012,0.14059757,fixedlr,bn,relu,manifold-gn,3,/fixedlr/bn/relu/manifold-gn/saliency/3,6,4
0.989,0.9846975803375244,0.8718332,fixedlr,bn,relu,manifold-gn,4,/fixedlr/bn/relu/manifold-gn/saliency/4,6,5
1.034,0.9758862257003784,1.670927,fixedlr,bn,relu,manifold-mixup,0,/fixedlr/bn/relu/manifold-mixup/saliency/0,6,6
0.952,0.9817745089530944,0.8403752,fixedlr,bn,relu,manifold-mixup,1,/fixedlr/bn/relu/manifold-mixup/saliency/1,6,7
0.765,0.970379114151001,0.5663956,fixedlr,bn,relu,manifold-mixup,11,/fixedlr/bn/relu/manifold-mixup/saliency/11,6,8
0.553,0.9729868769645692,0.3456568,fixedlr,bn,relu,manifold-mixup,12,/fixedlr/bn/relu/manifold-mixup/saliency/12,6,9
0.351,0.9713433980941772,0.15455067,fixedlr,bn,relu,manifold-mixup,13,/fixedlr/bn/relu/manifold-mixup/saliency/13,6,10
0.929,0.983832836151123,0.91645443,fixedlr,bn,relu,manifold-mixup,3,/fixedlr/bn/relu/manifold-mixup/saliency/3,6,11
1.024,0.9823670387268066,0.9872196,fixedlr,bn,relu,manifold-mixup,4,/fixedlr/bn/relu/manifold-mixup/saliency/4,6,12
1.489,0.9796341061592102,6.14501,fixedlr,bn,exponential,gn,1,/fixedlr/bn/exponential/gn/saliency/1,6,13
0.699,0.973886013031006,0.43560478,fixedlr,bn,relu,manifold-mixup,5,/fixedlr/bn/relu/manifold-mixup/saliency/5,6,14
0.45,0.970141053199768,0.2425753,fixedlr,bn,relu,manifold-mixup,6,/fixedlr/bn/relu/manifold-mixup/saliency/6,6,15
0.429,0.9732534885406494,0.24089271,fixedlr,bn,relu,manifold-mixup,7,/fixedlr/bn/relu/manifold-mixup/saliency/7,6,16
0.369,0.9703370928764344,0.17817138,fixedlr,bn,relu,manifold-mixup,8,/fixedlr/bn/relu/manifold-mixup/saliency/8,6,17
0.453,0.9742323160171508,0.08026476,fixedlr,bn,relu,manifold-mixup,9,/fixedlr/bn/relu/manifold-mixup/saliency/9,6,18
0.967,0.9787694215774536,1.2831745,fixedlr,bn,relu,mixup,2,/fixedlr/bn/relu/mixup/saliency/2,6,19
1.028,0.9791985750198364,1.792662,fixedlr,bn,relu,mixup,3,/fixedlr/bn/relu/mixup/saliency/3,6,20
1.113,0.9811023473739624,1.6291529,fixedlr,bn,relu,mixup,4,/fixedlr/bn/relu/mixup/saliency/4,6,21
1.369,0.9765259623527528,2.7235985,fixedlr,bn,relu,sn,1,/fixedlr/bn/relu/sn/saliency/1,6,22
0.666,0.9703164100646972,0.38763788,fixedlr,bn,relu,sn,11,/fixedlr/bn/relu/sn/saliency/11,6,23
1.1,0.984410285949707,1.5888255,fixedlr,bn,exponential,gn,10,/fixedlr/bn/exponential/gn/saliency/10,6,24
1.043,0.9808331727981568,1.6313494,fixedlr,bn,relu,sn,2,/fixedlr/bn/relu/sn/saliency/2,6,25
1.197,0.9778931140899658,2.1646662,fixedlr,bn,relu,sn,3,/fixedlr/bn/relu/sn/saliency/3,6,26
1.357,0.9792497158050536,2.3956144,fixedlr,bn,relu,sn,4,/fixedlr/bn/relu/sn/saliency/4,6,27
0.713,0.970737099647522,0.4922105,fixedlr,bn,relu,sn,7,/fixedlr/bn/relu/sn/saliency/7,6,28
0.711,0.9739680290222168,0.5535949,fixedlr,bn,relu,sn,8,/fixedlr/bn/relu/sn/saliency/8,6,29
0.796,0.9736804962158204,0.5166304,fixedlr,bn,relu,sn,9,/fixedlr/bn/relu/sn/saliency/9,6,30
1.176,0.9828555583953856,1.5296599,fixedlr,bn,relu,standard,0,/fixedlr/bn/relu/standard/saliency/0,6,31
1.054,0.983157217502594,0.84265,fixedlr,bn,relu,standard,1,/fixedlr/bn/relu/standard/saliency/1,6,32
1.141,0.9783564805984496,1.9645103,fixedlr,bn,relu,standard,2,/fixedlr/bn/relu/standard/saliency/2,6,33
1.033,0.9797866940498352,1.585725,fixedlr,bn,relu,standard,4,/fixedlr/bn/relu/standard/saliency/4,6,34
1.035,0.983619749546051,1.3019979,fixedlr,bn,exponential,gn,11,/fixedlr/bn/exponential/gn/saliency/11,6,35
0.112,0.9737629890441896,1.0923279541315083,fixedlr,nobn,exponential,adversarial,0,/fixedlr/nobn/exponential/adversarial/saliency/0,6,36
0.096,0.976607084274292,0.98874671419133,fixedlr,nobn,exponential,adversarial,1,/fixedlr/nobn/exponential/adversarial/saliency/1,6,37
0.096,0.9768683910369872,1.1181758003873108,fixedlr,nobn,exponential,adversarial,10,/fixedlr/nobn/exponential/adversarial/saliency/10,6,38
0.098,0.9741109609603882,1.0377407608219855,fixedlr,nobn,exponential,adversarial,11,/fixedlr/nobn/exponential/adversarial/saliency/11,6,39
0.1,0.9761703610420228,1.0454331834487385,fixedlr,nobn,exponential,adversarial,12,/fixedlr/nobn/exponential/adversarial/saliency/12,6,40
0.108,0.9789389371871948,1.1738745680100529,fixedlr,nobn,exponential,adversarial,13,/fixedlr/nobn/exponential/adversarial/saliency/13,6,41
0.105,0.9761673212051392,1.0937020253655618,fixedlr,nobn,exponential,adversarial,14,/fixedlr/nobn/exponential/adversarial/saliency/14,6,42
0.099,0.9757769107818604,1.336291345339481,fixedlr,nobn,exponential,adversarial,2,/fixedlr/nobn/exponential/adversarial/saliency/2,6,43
0.108,0.977088212966919,1.3324340723053392,fixedlr,nobn,exponential,adversarial,3,/fixedlr/nobn/exponential/adversarial/saliency/3,6,44
0.11,0.9778352975845336,1.1683249517050025,fixedlr,nobn,exponential,adversarial,4,/fixedlr/nobn/exponential/adversarial/saliency/4,6,45
1.059,0.98053377866745,1.4823979,fixedlr,bn,exponential,gn,12,/fixedlr/bn/exponential/gn/saliency/12,6,46
0.112,0.9753980040550232,1.1501729944345498,fixedlr,nobn,exponential,adversarial,5,/fixedlr/nobn/exponential/adversarial/saliency/5,6,47
0.11,0.9790123105049132,1.3284508920746203,fixedlr,nobn,exponential,adversarial,6,/fixedlr/nobn/exponential/adversarial/saliency/6,6,48
0.103,0.9782519340515136,1.1531621525900306,fixedlr,nobn,exponential,adversarial,7,/fixedlr/nobn/exponential/adversarial/saliency/7,6,49
0.105,0.9770023226737976,1.2366458692730826,fixedlr,nobn,exponential,adversarial,8,/fixedlr/nobn/exponential/adversarial/saliency/8,6,50
0.101,0.97488135099411,0.9715569946522574,fixedlr,nobn,exponential,adversarial,9,/fixedlr/nobn/exponential/adversarial/saliency/9,6,51
1.222,0.9756141304969788,3.7753673,fixedlr,nobn,exponential,gn,0,/fixedlr/nobn/exponential/gn/saliency/0,6,52
1.243,0.97641259431839,3.218105,fixedlr,nobn,exponential,gn,1,/fixedlr/nobn/exponential/gn/saliency/1,6,53
1.091,0.983641505241394,1.5700395,fixedlr,nobn,exponential,gn,10,/fixedlr/nobn/exponential/gn/saliency/10,6,54
0.706,0.9850965738296508,2.04264154108842,fixedlr,nobn,exponential,gn,11,/fixedlr/nobn/exponential/gn/saliency/11,6,55
1.034,0.98226135969162,1.3899807,fixedlr,nobn,exponential,gn,12,/fixedlr/nobn/exponential/gn/saliency/12,6,56
0.314,0.981883704662323,1.3174010506988378,fixedlr,bn,exponential,gn,13,/fixedlr/bn/exponential/gn/saliency/13,6,57
1.332,0.97007417678833,4.185781,fixedlr,nobn,exponential,gn,2,/fixedlr/nobn/exponential/gn/saliency/2,6,58
1.258,0.9746780395507812,3.872765,fixedlr,nobn,exponential,gn,3,/fixedlr/nobn/exponential/gn/saliency/3,6,59
1.256,0.9783374667167664,3.9332716,fixedlr,nobn,exponential,gn,4,/fixedlr/nobn/exponential/gn/saliency/4,6,60
1.093,0.98430335521698,1.6786155,fixedlr,nobn,exponential,gn,5,/fixedlr/nobn/exponential/gn/saliency/5,6,61
1.135,0.9826041460037231,1.6667268,fixedlr,nobn,exponential,gn,6,/fixedlr/nobn/exponential/gn/saliency/6,6,62
1.126,0.9839455485343932,1.7700542,fixedlr,nobn,exponential,gn,7,/fixedlr/nobn/exponential/gn/saliency/7,6,63
1.088,0.981988489627838,1.6739017,fixedlr,nobn,exponential,gn,8,/fixedlr/nobn/exponential/gn/saliency/8,6,64
1.039,0.9830379486083984,1.5971239,fixedlr,nobn,exponential,gn,9,/fixedlr/nobn/exponential/gn/saliency/9,6,65
1.345,0.9790430665016174,3.7759223,fixedlr,nobn,exponential,manifold-gn,0,/fixedlr/nobn/exponential/manifold-gn/saliency/0,6,66
1.353,0.977435827255249,3.9025314,fixedlr,nobn,exponential,manifold-gn,1,/fixedlr/nobn/exponential/manifold-gn/saliency/1,6,67
1.057,0.985213816165924,1.4200739,fixedlr,bn,exponential,gn,14,/fixedlr/bn/exponential/gn/saliency/14,6,68
0.103,0.973998248577118,1.1127548942374064,fixedlr,nobn,exponential,manifold-gn,10,/fixedlr/nobn/exponential/manifold-gn/saliency/10,6,69
0.102,0.9769884943962096,1.0343700535652258,fixedlr,nobn,exponential,manifold-gn,11,/fixedlr/nobn/exponential/manifold-gn/saliency/11,6,70
0.103,0.9764996767044068,1.044576239528148,fixedlr,nobn,exponential,manifold-gn,12,/fixedlr/nobn/exponential/manifold-gn/saliency/12,6,71
0.105,0.9731032252311708,0.9011859413865968,fixedlr,nobn,exponential,manifold-gn,13,/fixedlr/nobn/exponential/manifold-gn/saliency/13,6,72
0.1,0.9762969613075256,1.1103674231721468,fixedlr,nobn,exponential,manifold-gn,14,/fixedlr/nobn/exponential/manifold-gn/saliency/14,6,73
1.406,0.977290153503418,4.053274,fixedlr,nobn,exponential,manifold-gn,2,/fixedlr/nobn/exponential/manifold-gn/saliency/2,6,74
1.423,0.9798808097839355,4.150031,fixedlr,nobn,exponential,manifold-gn,3,/fixedlr/nobn/exponential/manifold-gn/saliency/3,6,75
1.391,0.9770184755325316,4.1880136,fixedlr,nobn,exponential,manifold-gn,4,/fixedlr/nobn/exponential/manifold-gn/saliency/4,6,76
0.095,0.9719790816307068,0.973332420146284,fixedlr,nobn,exponential,manifold-gn,5,/fixedlr/nobn/exponential/manifold-gn/saliency/5,6,77
0.103,0.9723750948905944,0.8657646803712042,fixedlr,nobn,exponential,manifold-gn,6,/fixedlr/nobn/exponential/manifold-gn/saliency/6,6,78
1.494,0.9791265726089478,6.0467043,fixedlr,bn,exponential,gn,2,/fixedlr/bn/exponential/gn/saliency/2,6,79
0.102,0.9753509163856506,0.8469394323762245,fixedlr,nobn,exponential,manifold-gn,7,/fixedlr/nobn/exponential/manifold-gn/saliency/7,6,80
0.099,0.9774388074874878,1.0663311736321444,fixedlr,nobn,exponential,manifold-gn,8,/fixedlr/nobn/exponential/manifold-gn/saliency/8,6,81
0.098,0.9750341176986694,0.997328751523077,fixedlr,nobn,exponential,manifold-gn,9,/fixedlr/nobn/exponential/manifold-gn/saliency/9,6,82
1.568,0.9766374826431274,3.0884416,fixedlr,nobn,exponential,manifold-mixup,0,/fixedlr/nobn/exponential/manifold-mixup/saliency/0,6,83
1.567,0.9856120944023132,2.4430044,fixedlr,nobn,exponential,manifold-mixup,1,/fixedlr/nobn/exponential/manifold-mixup/saliency/1,6,84
1.195,0.9766556024551392,1.2287414,fixedlr,nobn,exponential,manifold-mixup,10,/fixedlr/nobn/exponential/manifold-mixup/saliency/10,6,85
0.979,0.9705720543861388,0.9762974,fixedlr,nobn,exponential,manifold-mixup,11,/fixedlr/nobn/exponential/manifold-mixup/saliency/11,6,86
0.986,0.9734641313552856,0.7373712,fixedlr,nobn,exponential,manifold-mixup,12,/fixedlr/nobn/exponential/manifold-mixup/saliency/12,6,87
1.214,0.9779484272003174,1.0208244,fixedlr,nobn,exponential,manifold-mixup,13,/fixedlr/nobn/exponential/manifold-mixup/saliency/13,6,88
1.054,0.9737780094146729,0.90302354,fixedlr,nobn,exponential,manifold-mixup,14,/fixedlr/nobn/exponential/manifold-mixup/saliency/14,6,89
1.491,0.9779198169708252,5.0319333,fixedlr,bn,exponential,gn,3,/fixedlr/bn/exponential/gn/saliency/3,6,90
1.569,0.980443000793457,2.4248517,fixedlr,nobn,exponential,manifold-mixup,2,/fixedlr/nobn/exponential/manifold-mixup/saliency/2,6,91
1.566,0.9825270175933838,2.958544,fixedlr,nobn,exponential,manifold-mixup,3,/fixedlr/nobn/exponential/manifold-mixup/saliency/3,6,92
1.509,0.982363224029541,2.0449824,fixedlr,nobn,exponential,manifold-mixup,4,/fixedlr/nobn/exponential/manifold-mixup/saliency/4,6,93
1.185,0.9758237600326538,0.98080087,fixedlr,nobn,exponential,manifold-mixup,5,/fixedlr/nobn/exponential/manifold-mixup/saliency/5,6,94
1.208,0.975941002368927,1.112151,fixedlr,nobn,exponential,manifold-mixup,6,/fixedlr/nobn/exponential/manifold-mixup/saliency/6,6,95
1.047,0.9712637066841124,0.8140424,fixedlr,nobn,exponential,manifold-mixup,7,/fixedlr/nobn/exponential/manifold-mixup/saliency/7,6,96
1.232,0.9748793840408324,1.0989443,fixedlr,nobn,exponential,manifold-mixup,8,/fixedlr/nobn/exponential/manifold-mixup/saliency/8,6,97
1.107,0.9770532250404358,0.83802265,fixedlr,nobn,exponential,manifold-mixup,9,/fixedlr/nobn/exponential/manifold-mixup/saliency/9,6,98
1.466,0.974424123764038,2.8953204,fixedlr,nobn,exponential,mixup,0,/fixedlr/nobn/exponential/mixup/saliency/0,6,99
1.479,0.9751653671264648,3.190739,fixedlr,nobn,exponential,mixup,1,/fixedlr/nobn/exponential/mixup/saliency/1,6,100
1.517,0.9763250350952148,6.914149,fixedlr,bn,exponential,gn,4,/fixedlr/bn/exponential/gn/saliency/4,6,101
0.106,0.9797279834747314,1.4299904188655024,fixedlr,nobn,exponential,mixup,10,/fixedlr/nobn/exponential/mixup/saliency/10,6,102
0.102,0.9761322140693665,1.299975848074404,fixedlr,nobn,exponential,mixup,11,/fixedlr/nobn/exponential/mixup/saliency/11,6,103
0.098,0.9768434166908264,1.1749019894372537,fixedlr,nobn,exponential,mixup,12,/fixedlr/nobn/exponential/mixup/saliency/12,6,104
0.101,0.9782801270484924,1.4555681446014268,fixedlr,nobn,exponential,mixup,13,/fixedlr/nobn/exponential/mixup/saliency/13,6,105
0.096,0.975134253501892,1.21487836740437,fixedlr,nobn,exponential,mixup,14,/fixedlr/nobn/exponential/mixup/saliency/14,6,106
1.455,0.9742035269737244,2.998956,fixedlr,nobn,exponential,mixup,2,/fixedlr/nobn/exponential/mixup/saliency/2,6,107
1.462,0.9766848087310792,3.2724137,fixedlr,nobn,exponential,mixup,3,/fixedlr/nobn/exponential/mixup/saliency/3,6,108
1.453,0.97329181432724,3.6120112,fixedlr,nobn,exponential,mixup,4,/fixedlr/nobn/exponential/mixup/saliency/4,6,109
0.101,0.9772421717643738,1.2839925969806252,fixedlr,nobn,exponential,mixup,5,/fixedlr/nobn/exponential/mixup/saliency/5,6,110
0.095,0.9780647158622742,1.3310732916224208,fixedlr,nobn,exponential,mixup,6,/fixedlr/nobn/exponential/mixup/saliency/6,6,111
0.112,0.9759281873703004,1.4327861464000078,fixedlr,bn,exponential,adversarial,11,/fixedlr/bn/exponential/adversarial/saliency/11,6,112
1.026,0.9839637875556946,1.2212609,fixedlr,bn,exponential,gn,5,/fixedlr/bn/exponential/gn/saliency/5,6,113
0.095,0.9753803014755248,1.227703899768865,fixedlr,nobn,exponential,mixup,7,/fixedlr/nobn/exponential/mixup/saliency/7,6,114
0.101,0.977453112602234,1.3239443256587964,fixedlr,nobn,exponential,mixup,8,/fixedlr/nobn/exponential/mixup/saliency/8,6,115
0.095,0.9769742488861084,1.2653132832265364,fixedlr,nobn,exponential,mixup,9,/fixedlr/nobn/exponential/mixup/saliency/9,6,116
1.355,0.984512448310852,1.9929743,fixedlr,nobn,exponential,sn,1,/fixedlr/nobn/exponential/sn/saliency/1,6,117
1.336,0.9841626286506652,1.9006275,fixedlr,nobn,exponential,sn,10,/fixedlr/nobn/exponential/sn/saliency/10,6,118
1.294,0.9832105040550232,1.7254503,fixedlr,nobn,exponential,sn,11,/fixedlr/nobn/exponential/sn/saliency/11,6,119
1.204,0.9844708442687988,1.4359716,fixedlr,nobn,exponential,sn,12,/fixedlr/nobn/exponential/sn/saliency/12,6,120
1.235,0.9838265776634216,1.9093602,fixedlr,nobn,exponential,sn,13,/fixedlr/nobn/exponential/sn/saliency/13,6,121
1.233,0.9819621443748474,1.54693,fixedlr,nobn,exponential,sn,2,/fixedlr/nobn/exponential/sn/saliency/2,6,122
1.308,0.9808136224746704,2.0413465,fixedlr,nobn,exponential,sn,3,/fixedlr/nobn/exponential/sn/saliency/3,6,123
1.162,0.9811482429504396,1.718425,fixedlr,bn,exponential,gn,6,/fixedlr/bn/exponential/gn/saliency/6,6,124
1.268,0.9834311008453368,1.8948766,fixedlr,nobn,exponential,sn,4,/fixedlr/nobn/exponential/sn/saliency/4,6,125
1.272,0.9823654890060424,1.6956841,fixedlr,nobn,exponential,sn,5,/fixedlr/nobn/exponential/sn/saliency/5,6,126
1.202,0.9813849925994872,1.657752,fixedlr,nobn,exponential,sn,6,/fixedlr/nobn/exponential/sn/saliency/6,6,127
1.226,0.9836371541023254,1.817315,fixedlr,nobn,exponential,sn,7,/fixedlr/nobn/exponential/sn/saliency/7,6,128
1.27,0.9834655523300172,1.6749178,fixedlr,nobn,exponential,sn,8,/fixedlr/nobn/exponential/sn/saliency/8,6,129
1.311,0.9844159483909608,1.8719665,fixedlr,nobn,exponential,sn,9,/fixedlr/nobn/exponential/sn/saliency/9,6,130
1.44,0.9789289236068726,3.0705621,fixedlr,nobn,exponential,standard,0,/fixedlr/nobn/exponential/standard/saliency/0,6,131
1.464,0.9765371084213256,3.0847752,fixedlr,nobn,exponential,standard,1,/fixedlr/nobn/exponential/standard/saliency/1,6,132
0.102,0.9799244403839112,1.1012819751985368,fixedlr,nobn,exponential,standard,10,/fixedlr/nobn/exponential/standard/saliency/10,6,133
0.102,0.9778575301170348,1.2974028205930284,fixedlr,nobn,exponential,standard,11,/fixedlr/nobn/exponential/standard/saliency/11,6,134
1.06,0.9823376536369324,1.3844275,fixedlr,bn,exponential,gn,7,/fixedlr/bn/exponential/gn/saliency/7,6,135
0.107,0.9704842567443848,0.9412083682630736,fixedlr,nobn,exponential,standard,12,/fixedlr/nobn/exponential/standard/saliency/12,6,136
0.107,0.9740692973136902,0.9194039036705308,fixedlr,nobn,exponential,standard,13,/fixedlr/nobn/exponential/standard/saliency/13,6,137
0.1,0.977241039276123,1.1142525594716592,fixedlr,nobn,exponential,standard,14,/fixedlr/nobn/exponential/standard/saliency/14,6,138
1.424,0.975023865699768,3.067928,fixedlr,nobn,exponential,standard,2,/fixedlr/nobn/exponential/standard/saliency/2,6,139
1.363,0.9744603633880616,2.8444402,fixedlr,nobn,exponential,standard,3,/fixedlr/nobn/exponential/standard/saliency/3,6,140
1.463,0.9768744707107544,3.031534,fixedlr,nobn,exponential,standard,4,/fixedlr/nobn/exponential/standard/saliency/4,6,141
0.102,0.9775769710540771,1.161642118901276,fixedlr,nobn,exponential,standard,5,/fixedlr/nobn/exponential/standard/saliency/5,6,142
0.11,0.974898397922516,0.9017198411871696,fixedlr,nobn,exponential,standard,6,/fixedlr/nobn/exponential/standard/saliency/6,6,143
0.113,0.9773744940757751,1.1744916592295551,fixedlr,nobn,exponential,standard,7,/fixedlr/nobn/exponential/standard/saliency/7,6,144
0.101,0.9752749800682068,1.034188552597508,fixedlr,nobn,exponential,standard,8,/fixedlr/nobn/exponential/standard/saliency/8,6,145
0.145,0.9821520447731018,1.0874500191381062,fixedlr,bn,exponential,gn,8,/fixedlr/bn/exponential/gn/saliency/8,6,146
0.113,0.9717898368835448,1.0749527971051152,fixedlr,nobn,exponential,standard,9,/fixedlr/nobn/exponential/standard/saliency/9,6,147
0.122,0.9740104675292968,0.4366203171326505,fixedlr,nobn,relu,adversarial,0,/fixedlr/nobn/relu/adversarial/saliency/0,6,148
0.127,0.9715432524681092,0.463714657910546,fixedlr,nobn,relu,adversarial,1,/fixedlr/nobn/relu/adversarial/saliency/1,6,149
0.127,0.9723418354988098,0.5033101355874842,fixedlr,nobn,relu,adversarial,10,/fixedlr/nobn/relu/adversarial/saliency/10,6,150
0.123,0.9766064286231996,0.5339928448564433,fixedlr,nobn,relu,adversarial,11,/fixedlr/nobn/relu/adversarial/saliency/11,6,151
0.13,0.9708206057548524,0.4550979307663866,fixedlr,nobn,relu,adversarial,12,/fixedlr/nobn/relu/adversarial/saliency/12,6,152
0.121,0.9752979278564452,0.4813717206299828,fixedlr,nobn,relu,adversarial,13,/fixedlr/nobn/relu/adversarial/saliency/13,6,153
0.128,0.9711669087409972,0.4520245901383204,fixedlr,nobn,relu,adversarial,14,/fixedlr/nobn/relu/adversarial/saliency/14,6,154
0.142,0.9724620580673218,0.4412854658964436,fixedlr,nobn,relu,adversarial,2,/fixedlr/nobn/relu/adversarial/saliency/2,6,155
0.13,0.9724551439285278,0.4198324237480194,fixedlr,nobn,relu,adversarial,3,/fixedlr/nobn/relu/adversarial/saliency/3,6,156
1.07,0.9808894395828248,1.2105635,fixedlr,bn,exponential,gn,9,/fixedlr/bn/exponential/gn/saliency/9,6,157
0.127,0.9725208282470704,0.4574067158073873,fixedlr,nobn,relu,adversarial,4,/fixedlr/nobn/relu/adversarial/saliency/4,6,158
0.133,0.9727109670639038,0.4021637348110404,fixedlr,nobn,relu,adversarial,5,/fixedlr/nobn/relu/adversarial/saliency/5,6,159
0.122,0.9735925793647766,0.4779312913680489,fixedlr,nobn,relu,adversarial,6,/fixedlr/nobn/relu/adversarial/saliency/6,6,160
0.115,0.9701362252235411,0.4856821135059926,fixedlr,nobn,relu,adversarial,7,/fixedlr/nobn/relu/adversarial/saliency/7,6,161
0.108,0.9716829657554626,0.5888974951502588,fixedlr,nobn,relu,adversarial,8,/fixedlr/nobn/relu/adversarial/saliency/8,6,162
1.218,0.9774792194366456,2.139758,fixedlr,nobn,relu,gn,1,/fixedlr/nobn/relu/gn/saliency/1,6,163
0.117,0.9837049245834352,0.5502637446993117,fixedlr,nobn,relu,gn,10,/fixedlr/nobn/relu/gn/saliency/10,6,164
0.114,0.9833288788795472,0.5238780697755946,fixedlr,nobn,relu,gn,11,/fixedlr/nobn/relu/gn/saliency/11,6,165
0.127,0.9858996868133544,0.5684562137397496,fixedlr,nobn,relu,gn,12,/fixedlr/nobn/relu/gn/saliency/12,6,166
0.137,0.9835054874420166,0.5984479317855187,fixedlr,nobn,relu,gn,13,/fixedlr/nobn/relu/gn/saliency/13,6,167
1.5,0.9776517748832704,5.0456367,fixedlr,bn,exponential,manifold-gn,0,/fixedlr/bn/exponential/manifold-gn/saliency/0,6,168
0.19,0.9853110313415528,0.583716209069292,fixedlr,nobn,relu,gn,14,/fixedlr/nobn/relu/gn/saliency/14,6,169
1.143,0.9760520458221436,1.6987631,fixedlr,nobn,relu,gn,2,/fixedlr/nobn/relu/gn/saliency/2,6,170
1.186,0.9763898253440856,2.1560469,fixedlr,nobn,relu,gn,3,/fixedlr/nobn/relu/gn/saliency/3,6,171
1.119,0.9760023355484008,1.6154568,fixedlr,nobn,relu,gn,4,/fixedlr/nobn/relu/gn/saliency/4,6,172
0.113,0.9834601879119872,0.5620812195247171,fixedlr,nobn,relu,gn,5,/fixedlr/nobn/relu/gn/saliency/5,6,173
0.134,0.9859694838523864,0.5771749607380587,fixedlr,nobn,relu,gn,6,/fixedlr/nobn/relu/gn/saliency/6,6,174
0.127,0.9846916198730468,0.4937437365346254,fixedlr,nobn,relu,gn,7,/fixedlr/nobn/relu/gn/saliency/7,6,175
0.111,0.9836745262145996,0.6117507154170756,fixedlr,nobn,relu,gn,8,/fixedlr/nobn/relu/gn/saliency/8,6,176
0.116,0.9843723177909852,0.5208213238756623,fixedlr,nobn,relu,gn,9,/fixedlr/nobn/relu/gn/saliency/9,6,177
1.086,0.9816348552703856,1.2541028,fixedlr,nobn,relu,manifold-gn,0,/fixedlr/nobn/relu/manifold-gn/saliency/0,6,178
1.283,0.9722763299942015,2.1482801,fixedlr,bn,exponential,manifold-gn,1,/fixedlr/bn/exponential/manifold-gn/saliency/1,6,179
1.228,0.9798142910003662,1.5984683,fixedlr,nobn,relu,manifold-gn,1,/fixedlr/nobn/relu/manifold-gn/saliency/1,6,180
0.119,0.9765583872795104,0.4319168120292717,fixedlr,nobn,relu,manifold-gn,10,/fixedlr/nobn/relu/manifold-gn/saliency/10,6,181
0.12,0.9701329469680786,0.4309519917842905,fixedlr,nobn,relu,manifold-gn,11,/fixedlr/nobn/relu/manifold-gn/saliency/11,6,182
0.133,0.9721789360046388,0.4014349705314738,fixedlr,nobn,relu,manifold-gn,12,/fixedlr/nobn/relu/manifold-gn/saliency/12,6,183
0.131,0.9700273871421814,0.4473067119146686,fixedlr,nobn,relu,manifold-gn,13,/fixedlr/nobn/relu/manifold-gn/saliency/13,6,184
0.142,0.9727526307106018,0.3744345281578153,fixedlr,nobn,relu,manifold-gn,14,/fixedlr/nobn/relu/manifold-gn/saliency/14,6,185
1.053,0.9831018447875975,1.1597172,fixedlr,nobn,relu,manifold-gn,2,/fixedlr/nobn/relu/manifold-gn/saliency/2,6,186
1.169,0.9815077185630798,1.3730308,fixedlr,nobn,relu,manifold-gn,3,/fixedlr/nobn/relu/manifold-gn/saliency/3,6,187
1.206,0.9790019989013672,1.7068577,fixedlr,nobn,relu,manifold-gn,4,/fixedlr/nobn/relu/manifold-gn/saliency/4,6,188
0.136,0.9703515768051147,0.4175706550034664,fixedlr,nobn,relu,manifold-gn,6,/fixedlr/nobn/relu/manifold-gn/saliency/6,6,189
0.109,0.9773750901222228,1.5016108409595423,fixedlr,bn,exponential,manifold-gn,10,/fixedlr/bn/exponential/manifold-gn/saliency/10,6,190
0.131,0.9722691178321838,0.4126703546739707,fixedlr,nobn,relu,manifold-gn,8,/fixedlr/nobn/relu/manifold-gn/saliency/8,6,191
1.405,0.9861302375793456,0.9059723,fixedlr,nobn,relu,manifold-mixup,0,/fixedlr/nobn/relu/manifold-mixup/saliency/0,6,192
0.965,0.9739030003547668,1.1477026,fixedlr,nobn,relu,manifold-mixup,1,/fixedlr/nobn/relu/manifold-mixup/saliency/1,6,193
0.616,0.9722414016723632,0.3215461,fixedlr,nobn,relu,manifold-mixup,10,/fixedlr/nobn/relu/manifold-mixup/saliency/10,6,194
0.55,0.9763322472572328,0.42687666,fixedlr,nobn,relu,manifold-mixup,11,/fixedlr/nobn/relu/manifold-mixup/saliency/11,6,195
0.633,0.9754844903945924,0.36645976,fixedlr,nobn,relu,manifold-mixup,12,/fixedlr/nobn/relu/manifold-mixup/saliency/12,6,196
0.532,0.9757062792778016,0.3296204,fixedlr,nobn,relu,manifold-mixup,13,/fixedlr/nobn/relu/manifold-mixup/saliency/13,6,197
1.436,0.9755088686943054,1.3009908,fixedlr,nobn,relu,manifold-mixup,2,/fixedlr/nobn/relu/manifold-mixup/saliency/2,6,198
1.302,0.9812616109848022,0.82656586,fixedlr,nobn,relu,manifold-mixup,3,/fixedlr/nobn/relu/manifold-mixup/saliency/3,6,199
1.299,0.9792697429656982,0.88800657,fixedlr,nobn,relu,manifold-mixup,4,/fixedlr/nobn/relu/manifold-mixup/saliency/4,6,200
0.108,0.9740097522735596,1.2412671020919002,fixedlr,bn,exponential,manifold-gn,12,/fixedlr/bn/exponential/manifold-gn/saliency/12,6,201
0.554,0.9750376343727112,0.3571798,fixedlr,nobn,relu,manifold-mixup,5,/fixedlr/nobn/relu/manifold-mixup/saliency/5,6,202
0.487,0.9764841198921204,0.39886212,fixedlr,nobn,relu,manifold-mixup,6,/fixedlr/nobn/relu/manifold-mixup/saliency/6,6,203
0.498,0.9747472405433656,0.3790376,fixedlr,nobn,relu,manifold-mixup,7,/fixedlr/nobn/relu/manifold-mixup/saliency/7,6,204
0.544,0.9758628606796264,0.34274587,fixedlr,nobn,relu,manifold-mixup,8,/fixedlr/nobn/relu/manifold-mixup/saliency/8,6,205
0.507,0.9766544699668884,0.3328205,fixedlr,nobn,relu,manifold-mixup,9,/fixedlr/nobn/relu/manifold-mixup/saliency/9,6,206
1.357,0.977419137954712,1.1865103,fixedlr,nobn,relu,mixup,0,/fixedlr/nobn/relu/mixup/saliency/0,6,207
1.375,0.9719732999801636,1.2356101,fixedlr,nobn,relu,mixup,1,/fixedlr/nobn/relu/mixup/saliency/1,6,208
0.109,0.9711374640464784,0.4859550737265735,fixedlr,nobn,relu,mixup,10,/fixedlr/nobn/relu/mixup/saliency/10,6,209
0.113,0.9750686287879944,0.5245570117244086,fixedlr,nobn,relu,mixup,11,/fixedlr/nobn/relu/mixup/saliency/11,6,210
0.112,0.9752065539360046,0.6088244656500116,fixedlr,nobn,relu,mixup,12,/fixedlr/nobn/relu/mixup/saliency/12,6,211
0.117,0.9731894731521606,1.123816761481328,fixedlr,bn,exponential,manifold-gn,13,/fixedlr/bn/exponential/manifold-gn/saliency/13,6,212
0.113,0.975425899028778,0.5062327464905925,fixedlr,nobn,relu,mixup,13,/fixedlr/nobn/relu/mixup/saliency/13,6,213
0.128,0.9759554266929626,0.4894141099576999,fixedlr,nobn,relu,mixup,14,/fixedlr/nobn/relu/mixup/saliency/14,6,214
1.322,0.9784926772117616,1.3018559,fixedlr,nobn,relu,mixup,2,/fixedlr/nobn/relu/mixup/saliency/2,6,215
1.045,0.9788157939910888,0.848819,fixedlr,nobn,relu,mixup,3,/fixedlr/nobn/relu/mixup/saliency/3,6,216
1.403,0.9773223400115968,1.3558347,fixedlr,nobn,relu,mixup,4,/fixedlr/nobn/relu/mixup/saliency/4,6,217
0.124,0.97478985786438,0.495206686071862,fixedlr,nobn,relu,mixup,5,/fixedlr/nobn/relu/mixup/saliency/5,6,218
0.114,0.9735692143440248,0.5971360495641678,fixedlr,nobn,relu,mixup,6,/fixedlr/nobn/relu/mixup/saliency/6,6,219
0.124,0.9741626977920532,0.5627271289049457,fixedlr,nobn,relu,mixup,7,/fixedlr/nobn/relu/mixup/saliency/7,6,220
0.119,0.9761804342269896,0.4689376145415575,fixedlr,nobn,relu,mixup,8,/fixedlr/nobn/relu/mixup/saliency/8,6,221
0.108,0.9750549793243408,0.5615789850102652,fixedlr,nobn,relu,mixup,9,/fixedlr/nobn/relu/mixup/saliency/9,6,222
0.112,0.9758661389350892,1.4023050907639083,fixedlr,bn,exponential,adversarial,12,/fixedlr/bn/exponential/adversarial/saliency/12,6,223
0.102,0.977485716342926,1.4624568862134142,fixedlr,bn,exponential,manifold-gn,14,/fixedlr/bn/exponential/manifold-gn/saliency/14,6,224
1.544,0.977581262588501,2.079366,fixedlr,nobn,relu,sn,0,/fixedlr/nobn/relu/sn/saliency/0,6,225
1.612,0.9825355410575868,2.2410784,fixedlr,nobn,relu,sn,1,/fixedlr/nobn/relu/sn/saliency/1,6,226
1.293,0.9829679131507874,1.3801267,fixedlr,nobn,relu,sn,10,/fixedlr/nobn/relu/sn/saliency/10,6,227
1.141,0.983177125453949,1.1529006,fixedlr,nobn,relu,sn,11,/fixedlr/nobn/relu/sn/saliency/11,6,228
1.196,0.9831099510192872,1.2887398,fixedlr,nobn,relu,sn,12,/fixedlr/nobn/relu/sn/saliency/12,6,229
1.277,0.9846987128257751,1.4194095,fixedlr,nobn,relu,sn,13,/fixedlr/nobn/relu/sn/saliency/13,6,230
1.265,0.984438419342041,1.2621853,fixedlr,nobn,relu,sn,14,/fixedlr/nobn/relu/sn/saliency/14,6,231
1.674,0.9827835559844972,2.1447525,fixedlr,nobn,relu,sn,2,/fixedlr/nobn/relu/sn/saliency/2,6,232
1.435,0.97867089509964,2.1666427,fixedlr,nobn,relu,sn,3,/fixedlr/nobn/relu/sn/saliency/3,6,233
1.431,0.9779989719390868,1.7880726,fixedlr,nobn,relu,sn,4,/fixedlr/nobn/relu/sn/saliency/4,6,234
1.503,0.9757773876190186,5.2974615,fixedlr,bn,exponential,manifold-gn,2,/fixedlr/bn/exponential/manifold-gn/saliency/2,6,235
1.327,0.9841825366020204,1.3784893,fixedlr,nobn,relu,sn,5,/fixedlr/nobn/relu/sn/saliency/5,6,236
1.183,0.984730064868927,1.2425808,fixedlr,nobn,relu,sn,6,/fixedlr/nobn/relu/sn/saliency/6,6,237
1.337,0.9841095209121704,1.4831389,fixedlr,nobn,relu,sn,7,/fixedlr/nobn/relu/sn/saliency/7,6,238
1.16,0.9829956889152528,1.1855069,fixedlr,nobn,relu,sn,8,/fixedlr/nobn/relu/sn/saliency/8,6,239
1.246,0.9832664728164672,1.332249,fixedlr,nobn,relu,sn,9,/fixedlr/nobn/relu/sn/saliency/9,6,240
1.265,0.9804449081420898,1.0662241,fixedlr,nobn,relu,standard,0,/fixedlr/nobn/relu/standard/saliency/0,6,241
1.392,0.9766627550125122,1.3404018,fixedlr,nobn,relu,standard,1,/fixedlr/nobn/relu/standard/saliency/1,6,242
0.117,0.9724652171134948,0.514515445305247,fixedlr,nobn,relu,standard,11,/fixedlr/nobn/relu/standard/saliency/11,6,243
0.134,0.9710731506347656,0.4923132329629344,fixedlr,nobn,relu,standard,12,/fixedlr/nobn/relu/standard/saliency/12,6,244
0.125,0.9710242748260498,0.4168928388848736,fixedlr,nobn,relu,standard,14,/fixedlr/nobn/relu/standard/saliency/14,6,245
1.539,0.9760242700576782,6.6531553,fixedlr,bn,exponential,manifold-gn,3,/fixedlr/bn/exponential/manifold-gn/saliency/3,6,246
1.531,0.9771944880485536,1.235337,fixedlr,nobn,relu,standard,2,/fixedlr/nobn/relu/standard/saliency/2,6,247
1.271,0.979073405265808,1.1522431,fixedlr,nobn,relu,standard,3,/fixedlr/nobn/relu/standard/saliency/3,6,248
1.409,0.9717740416526794,1.220605,fixedlr,nobn,relu,standard,4,/fixedlr/nobn/relu/standard/saliency/4,6,249
0.12,0.9716296195983888,0.4825621030927698,fixedlr,nobn,relu,standard,5,/fixedlr/nobn/relu/standard/saliency/5,6,250
0.12,0.9753532409667968,0.5086304184292438,fixedlr,nobn,relu,standard,6,/fixedlr/nobn/relu/standard/saliency/6,6,251
0.131,0.972183883190155,0.4070465354545171,fixedlr,nobn,relu,standard,8,/fixedlr/nobn/relu/standard/saliency/8,6,252
0.123,0.9735211730003356,0.5631505627315022,fixedlr,nobn,relu,standard,9,/fixedlr/nobn/relu/standard/saliency/9,6,253
1.531,0.9770838022232056,5.0768948,fixedlr,bn,exponential,manifold-gn,4,/fixedlr/bn/exponential/manifold-gn/saliency/4,6,254
0.105,0.9756815433502196,1.4484828595626218,fixedlr,bn,exponential,manifold-gn,6,/fixedlr/bn/exponential/manifold-gn/saliency/6,6,255
0.159,0.973422110080719,1.175447644822868,fixedlr,bn,exponential,manifold-gn,7,/fixedlr/bn/exponential/manifold-gn/saliency/7,6,256
0.106,0.9805867075920104,1.2483009330717598,fixedlr,bn,exponential,manifold-gn,8,/fixedlr/bn/exponential/manifold-gn/saliency/8,6,257
1.306,0.9859464764595032,2.4797583,fixedlr,bn,exponential,manifold-mixup,0,/fixedlr/bn/exponential/manifold-mixup/saliency/0,6,258
1.362,0.9851754903793336,3.9987955,fixedlr,bn,exponential,manifold-mixup,1,/fixedlr/bn/exponential/manifold-mixup/saliency/1,6,259
1.108,0.9830325841903688,1.4181416,fixedlr,bn,exponential,manifold-mixup,10,/fixedlr/bn/exponential/manifold-mixup/saliency/10,6,260
0.11,0.9776400327682496,1.3758588152052311,fixedlr,bn,exponential,adversarial,13,/fixedlr/bn/exponential/adversarial/saliency/13,6,261
1.029,0.9777823686599731,1.0208348,fixedlr,bn,exponential,manifold-mixup,11,/fixedlr/bn/exponential/manifold-mixup/saliency/11,6,262
1.154,0.9840046167373656,1.6058377,fixedlr,bn,exponential,manifold-mixup,12,/fixedlr/bn/exponential/manifold-mixup/saliency/12,6,263
1.067,0.9756166338920592,0.9646099,fixedlr,bn,exponential,manifold-mixup,13,/fixedlr/bn/exponential/manifold-mixup/saliency/13,6,264
1.024,0.9803537130355836,0.81873244,fixedlr,bn,exponential,manifold-mixup,14,/fixedlr/bn/exponential/manifold-mixup/saliency/14,6,265
1.412,0.9866596460342408,4.1425314,fixedlr,bn,exponential,manifold-mixup,2,/fixedlr/bn/exponential/manifold-mixup/saliency/2,6,266
1.58,0.9814854264259338,3.8837812,fixedlr,bn,exponential,manifold-mixup,3,/fixedlr/bn/exponential/manifold-mixup/saliency/3,6,267
1.469,0.9852380752563475,3.776148,fixedlr,bn,exponential,manifold-mixup,4,/fixedlr/bn/exponential/manifold-mixup/saliency/4,6,268
1.058,0.982546091079712,0.97508734,fixedlr,bn,exponential,manifold-mixup,5,/fixedlr/bn/exponential/manifold-mixup/saliency/5,6,269
1.101,0.9824640154838562,1.0781714,fixedlr,bn,exponential,manifold-mixup,6,/fixedlr/bn/exponential/manifold-mixup/saliency/6,6,270
1.124,0.9805511236190796,1.1959187,fixedlr,bn,exponential,manifold-mixup,8,/fixedlr/bn/exponential/manifold-mixup/saliency/8,6,271
0.109,0.975860059261322,1.3777630905513247,fixedlr,bn,exponential,adversarial,3,/fixedlr/bn/exponential/adversarial/saliency/3,6,272
1.22,0.980450451374054,1.4385735,fixedlr,bn,exponential,manifold-mixup,9,/fixedlr/bn/exponential/manifold-mixup/saliency/9,6,273
1.533,0.9747920632362366,5.790384,fixedlr,bn,exponential,mixup,0,/fixedlr/bn/exponential/mixup/saliency/0,6,274
1.46,0.9767071008682252,3.8131146,fixedlr,bn,exponential,mixup,1,/fixedlr/bn/exponential/mixup/saliency/1,6,275
0.102,0.9761342406272888,1.642982165509476,fixedlr,bn,exponential,mixup,12,/fixedlr/bn/exponential/mixup/saliency/12,6,276
0.109,0.9767176508903505,1.5067655254577994,fixedlr,bn,exponential,mixup,13,/fixedlr/bn/exponential/mixup/saliency/13,6,277
0.114,0.9763363599777222,1.6430459918188465,fixedlr,bn,exponential,mixup,14,/fixedlr/bn/exponential/mixup/saliency/14,6,278
1.527,0.9775580167770386,5.207575,fixedlr,bn,exponential,mixup,2,/fixedlr/bn/exponential/mixup/saliency/2,6,279
1.287,0.9746861457824708,2.1397443,fixedlr,bn,exponential,mixup,4,/fixedlr/bn/exponential/mixup/saliency/4,6,280
0.098,0.9764079451560974,1.51585389947476,fixedlr,bn,exponential,mixup,5,/fixedlr/bn/exponential/mixup/saliency/5,6,281
0.106,0.9780951738357544,1.5963304552861788,fixedlr,bn,exponential,mixup,6,/fixedlr/bn/exponential/mixup/saliency/6,6,282
0.116,0.9707099199295044,1.3651908775269337,fixedlr,bn,exponential,adversarial,6,/fixedlr/bn/exponential/adversarial/saliency/6,6,283
0.106,0.9756803512573242,1.6568224402646932,fixedlr,bn,exponential,mixup,7,/fixedlr/bn/exponential/mixup/saliency/7,6,284
0.104,0.976308524608612,1.5662167239265732,fixedlr,bn,exponential,mixup,8,/fixedlr/bn/exponential/mixup/saliency/8,6,285
0.116,0.9755492210388184,1.4142997463717095,fixedlr,bn,exponential,mixup,9,/fixedlr/bn/exponential/mixup/saliency/9,6,286
1.441,0.9767261743545532,2.91883,fixedlr,bn,exponential,sn,0,/fixedlr/bn/exponential/sn/saliency/0,6,287
1.023,0.9807170629501344,1.2465818,fixedlr,bn,exponential,sn,10,/fixedlr/bn/exponential/sn/saliency/10,6,288
1.117,0.9780558347702026,1.3330865,fixedlr,bn,exponential,sn,11,/fixedlr/bn/exponential/sn/saliency/11,6,289
0.793,0.9790215492248536,1.4422528715379868,fixedlr,bn,exponential,sn,12,/fixedlr/bn/exponential/sn/saliency/12,6,290
1.55,0.973139762878418,2.9651206,fixedlr,bn,exponential,sn,2,/fixedlr/bn/exponential/sn/saliency/2,6,291
1.55,0.9778279066085817,3.6720383,fixedlr,bn,exponential,sn,3,/fixedlr/bn/exponential/sn/saliency/3,6,292
1.362,0.9776101112365724,2.8304813,fixedlr,bn,exponential,sn,4,/fixedlr/bn/exponential/sn/saliency/4,6,293
0.1,0.9742467999458312,1.4042473001346347,fixedlr,bn,exponential,adversarial,7,/fixedlr/bn/exponential/adversarial/saliency/7,6,294
1.173,0.9824588894844056,1.5780612,fixedlr,bn,exponential,sn,6,/fixedlr/bn/exponential/sn/saliency/6,6,295
1.243,0.9783175587654114,1.4594516,fixedlr,bn,exponential,sn,7,/fixedlr/bn/exponential/sn/saliency/7,6,296
1.237,0.9739456176757812,1.4774184,fixedlr,bn,exponential,sn,8,/fixedlr/bn/exponential/sn/saliency/8,6,297
1.243,0.9784289002418518,1.502941,fixedlr,bn,exponential,sn,9,/fixedlr/bn/exponential/sn/saliency/9,6,298
1.291,0.9756196737289428,2.2170906,fixedlr,bn,exponential,standard,0,/fixedlr/bn/exponential/standard/saliency/0,6,299
1.56,0.9727248549461364,4.9535913,fixedlr,bn,exponential,standard,1,/fixedlr/bn/exponential/standard/saliency/1,6,300
0.103,0.97165447473526,1.3169736701884762,fixedlr,bn,exponential,standard,12,/fixedlr/bn/exponential/standard/saliency/12,6,301
1.56,0.9785953164100648,4.3794613,fixedlr,bn,exponential,standard,2,/fixedlr/bn/exponential/standard/saliency/2,6,302
0.433,0.9708051085472108,0.0271266944561702,fixedlr,bn,exponential,standard,3,/fixedlr/bn/exponential/standard/saliency/3,6,303
1.582,0.9753695726394652,4.737936,fixedlr,bn,exponential,standard,4,/fixedlr/bn/exponential/standard/saliency/4,6,304
0.124,0.976103901863098,1.359325892928821,fixedlr,bn,exponential,adversarial,8,/fixedlr/bn/exponential/adversarial/saliency/8,6,305
0.115,0.9777470231056212,1.5013651003054598,fixedlr,bn,exponential,standard,5,/fixedlr/bn/exponential/standard/saliency/5,6,306
0.112,0.9724711775779724,1.4803092920068568,fixedlr,bn,exponential,standard,6,/fixedlr/bn/exponential/standard/saliency/6,6,307
0.114,0.9714033603668212,1.395529429199883,fixedlr,bn,exponential,standard,9,/fixedlr/bn/exponential/standard/saliency/9,6,308
1.122,0.976243019104004,2.1588128,fixedlr,bn,relu,gn,0,/fixedlr/bn/relu/gn/saliency/0,6,309
1.072,0.9792245626449584,1.6890113,fixedlr,bn,relu,gn,1,/fixedlr/bn/relu/gn/saliency/1,6,310
0.775,0.9761529564857484,0.48321208,fixedlr,bn,relu,gn,10,/fixedlr/bn/relu/gn/saliency/10,6,311
0.166,0.97694593667984,0.5543354308729037,fixedlr,bn,relu,gn,11,/fixedlr/bn/relu/gn/saliency/11,6,312
0.251,0.979168713092804,0.4535440350596312,fixedlr,bn,relu,gn,12,/fixedlr/bn/relu/gn/saliency/12,6,313
0.177,0.978062868118286,0.5001771906592067,fixedlr,bn,relu,gn,13,/fixedlr/bn/relu/gn/saliency/13,6,314
0.234,0.977240264415741,0.4304059652662719,fixedlr,bn,relu,gn,14,/fixedlr/bn/relu/gn/saliency/14,6,315
0.109,0.971332311630249,1.652773411776556,fixedlr,bn,exponential,adversarial,9,/fixedlr/bn/exponential/adversarial/saliency/9,6,316
1.031,0.9811840057373048,1.6727552,fixedlr,bn,relu,gn,2,/fixedlr/bn/relu/gn/saliency/2,6,317
1.036,0.9799892902374268,0.9050715,fixedlr,bn,relu,gn,3,/fixedlr/bn/relu/gn/saliency/3,6,318
1.14,0.9753495454788208,2.012456,fixedlr,bn,relu,gn,4,/fixedlr/bn/relu/gn/saliency/4,6,319
0.839,0.9764832258224488,0.5397676,fixedlr,bn,relu,gn,5,/fixedlr/bn/relu/gn/saliency/5,6,320
0.131,0.9759528040885924,0.4571332215243763,fixedlr,bn,relu,gn,6,/fixedlr/bn/relu/gn/saliency/6,6,321
0.766,0.9741849899291992,0.5359866,fixedlr,bn,relu,gn,7,/fixedlr/bn/relu/gn/saliency/7,6,322
0.471,0.9752165675163268,0.3972607922467016,fixedlr,bn,relu,gn,8,/fixedlr/bn/relu/gn/saliency/8,6,323
0.511,0.9766076803207396,0.4712433432485252,fixedlr,bn,relu,gn,9,/fixedlr/bn/relu/gn/saliency/9,6,324
1.061,0.9765664935112,1.7552128,fixedlr,bn,relu,manifold-gn,0,/fixedlr/bn/relu/manifold-gn/saliency/0,6,325
1.085,0.9839959144592284,0.9223807,fixedlr,bn,relu,manifold-gn,1,/fixedlr/bn/relu/manifold-gn/saliency/1,6,326
